-- phpMyAdmin SQL Dump
-- version 4.2.7.1
-- http://www.phpmyadmin.net
--
-- Host: 127.0.0.1
-- Generation Time: 21 Apr 2020 pada 12.41
-- Versi Server: 5.6.20
-- PHP Version: 5.5.15

SET SQL_MODE = "NO_AUTO_VALUE_ON_ZERO";
SET time_zone = "+00:00";


/*!40101 SET @OLD_CHARACTER_SET_CLIENT=@@CHARACTER_SET_CLIENT */;
/*!40101 SET @OLD_CHARACTER_SET_RESULTS=@@CHARACTER_SET_RESULTS */;
/*!40101 SET @OLD_COLLATION_CONNECTION=@@COLLATION_CONNECTION */;
/*!40101 SET NAMES utf8 */;

--
-- Database: `beton`
--

-- --------------------------------------------------------

--
-- Struktur dari tabel `app_users`
--

CREATE TABLE IF NOT EXISTS `app_users` (
`id_users` int(11) NOT NULL COMMENT 'PK, id user',
  `username` varchar(20) NOT NULL COMMENT 'nama User',
  `nama` varchar(50) NOT NULL COMMENT 'nama pengguna',
  `password` varchar(32) NOT NULL COMMENT 'password login',
  `level` int(1) NOT NULL COMMENT '1=admin ,2=pihak jurusan ,3=pegawai ,4=mahasiswa',
  `keterangan` varchar(5) NOT NULL,
  `last_login` datetime NOT NULL COMMENT 'terakhir login'
) ENGINE=InnoDB  DEFAULT CHARSET=latin1 AUTO_INCREMENT=2 ;

--
-- Dumping data untuk tabel `app_users`
--

INSERT INTO `app_users` (`id_users`, `username`, `nama`, `password`, `level`, `keterangan`, `last_login`) VALUES
(1, 'admin', 'admin', '21232f297a57a5a743894a0e4a801fc3', 1, '', '2020-01-20 07:55:47');

-- --------------------------------------------------------

--
-- Struktur dari tabel `data_testing`
--

CREATE TABLE IF NOT EXISTS `data_testing` (
  `id_testing` varchar(10) NOT NULL,
  `id_training` varchar(10) NOT NULL,
  `tgl_testing` date NOT NULL,
  `air` varchar(10) NOT NULL,
  `pasir` varchar(10) NOT NULL,
  `kerikil` varchar(10) NOT NULL,
  `semen` varchar(10) NOT NULL,
  `umur` varchar(10) NOT NULL,
  `kuat_tekan` varchar(10) NOT NULL
) ENGINE=InnoDB DEFAULT CHARSET=latin1;

--
-- Dumping data untuk tabel `data_testing`
--

INSERT INTO `data_testing` (`id_testing`, `id_training`, `tgl_testing`, `air`, `pasir`, `kerikil`, `semen`, `umur`, `kuat_tekan`) VALUES
('TST0000007', 'TRN0000001', '2020-04-08', '23.75', '84.88', '157.63', '50', '3', '298.72'),
('TST0000008', 'TRN0000001', '2020-04-08', '23.75', '84.88', '157.63', '50', '7', '321.22'),
('TST0000009', 'TRN0000001', '2020-04-08', '23.75', '84.88', '157.63', '50', '14', '357.265'),
('TST0000010', 'TRN0000001', '2020-04-08', '23.75', '84.88', '157.63', '50', '21', '373.72'),
('TST0000011', 'TRN0000001', '2020-04-08', '23.75', '84.88', '157.63', '50', '28', '373.72'),
('TST0000012', 'TRN0000002', '2020-04-08', '35', '104.25', '148', '26.5', '3', '180.9025'),
('TST0000013', 'TRN0000002', '2020-04-08', '35', '104.25', '148', '26.5', '7', '200.341562'),
('TST0000014', 'TRN0000002', '2020-04-08', '35', '104.25', '148', '26.5', '14', '216.083125'),
('TST0000015', 'TRN0000003', '2020-04-10', '24', '91.58', '94.05', '50', '3', '246.76'),
('TST0000016', 'TRN0000003', '2020-04-10', '24', '91.58', '94.05', '50', '7', '267.67'),
('TST0000017', 'TRN0000003', '2020-04-10', '23.75', '91.58', '94.05', '50', '14', '312.26125'),
('TST0000018', 'TRN0000003', '2020-04-10', '24', '91.58', '94.05', '50', '21', '336.76'),
('TST0000019', 'TRN0000003', '2020-04-10', '35', '104.25', '148', '26.5', '3', '129.445'),
('TST0000020', 'TRN0000003', '2020-04-10', '35', '104.25', '148', '26.5', '28', '201.055'),
('TST0000021', 'TRN0000004', '2020-04-10', '23.75', '84.88', '157.63', '26.5', '3', '235.09');

-- --------------------------------------------------------

--
-- Struktur dari tabel `data_training`
--

CREATE TABLE IF NOT EXISTS `data_training` (
  `id_training` varchar(10) NOT NULL,
  `tgl_training` date NOT NULL,
  `qty_data_training` int(3) NOT NULL,
  `iterasi` int(3) NOT NULL,
  `mse` varchar(30) NOT NULL
) ENGINE=InnoDB DEFAULT CHARSET=latin1;

--
-- Dumping data untuk tabel `data_training`
--

INSERT INTO `data_training` (`id_training`, `tgl_training`, `qty_data_training`, `iterasi`, `mse`) VALUES
('TRN0000001', '2020-04-08', 10, 10, '0.45877929638005'),
('TRN0000002', '2020-04-08', 20, 10, '0.38185069250364'),
('TRN0000003', '2020-04-10', 30, 10, '0'),
('TRN0000004', '2020-04-10', 10, 20, '0'),
('TRN0000005', '2020-04-10', 10, 10, '0.30930753813413');

-- --------------------------------------------------------

--
-- Struktur dari tabel `data_uji_beton`
--

CREATE TABLE IF NOT EXISTS `data_uji_beton` (
  `kode_uji` varchar(10) NOT NULL,
  `air` varchar(6) NOT NULL,
  `pasir` varchar(7) NOT NULL,
  `kerikil` varchar(7) NOT NULL,
  `semen` varchar(7) NOT NULL,
  `umur` varchar(7) NOT NULL,
  `kuat_tekan` varchar(6) NOT NULL
) ENGINE=InnoDB DEFAULT CHARSET=latin1;

--
-- Dumping data untuk tabel `data_uji_beton`
--

INSERT INTO `data_uji_beton` (`kode_uji`, `air`, `pasir`, `kerikil`, `semen`, `umur`, `kuat_tekan`) VALUES
('DATA000002', '23.75', '84.88', '157.63', '50', '7', '280'),
('DATA000003', '23.75', '84.88', '157.63', '50', '14', '333'),
('DATA000004', '23.75', '84.88', '157.63', '50', '21', '359'),
('DATA000005', '23.75', '84.88', '157.63', '50', '28', '378'),
('DATA000006', '19', '69.70', '100.30', '80', '3', '311'),
('DATA000007', '19', '69.70', '100.30', '80', '7', '401'),
('DATA000008', '19', '69.70', '100.30', '80', '14', '424'),
('DATA000009', '19', '69.70', '100.30', '80', '21', '458'),
('DATA000010', '19', '69.70', '100.30', '80', '28', '482'),
('DATA000011', '23.75', '97.00', '145.5', '45', '3', '243'),
('DATA000012', '23.75', '97.00', '145.5', '45', '7', '261'),
('DATA000013', '23.75', '97.00', '145.5', '45', '14', '322'),
('DATA000014', '23.75', '97.00', '145.5', '45', '21', '348'),
('DATA000015', '23.75', '97.00', '145.5', '45', '28', '367'),
('DATA000016', '24', '103.53', '148.98', '50', '3', '218'),
('DATA000017', '24', '103.53', '148.98', '50', '7', '248'),
('DATA000018', '24', '103.53', '148.98', '50', '14', '320'),
('DATA000019', '24', '103.53', '148.98', '50', '21', '345'),
('DATA000020', '24', '103.53', '148.98', '50', '28', '364'),
('DATA000021', '24', '91.58', '94.05', '50', '3', '213'),
('DATA000022', '24', '91.58', '94.05', '50', '7', '257'),
('DATA000023', '24', '91.58', '94.05', '50', '14', '324'),
('DATA000024', '24', '91.58', '94.05', '50', '21', '349'),
('DATA000025', '24', '91.58', '94.05', '50', '28', '368'),
('DATA000026', '23.75', '84.88', '157.63', '50', '3', '221'),
('DATA000027', '23.75', '84.88', '157.63', '50', '7', '260'),
('DATA000028', '23.75', '84.88', '157.63', '50', '14', '324'),
('DATA000029', '23.75', '84.88', '157.63', '50', '21', '356'),
('DATA000030', '23.75', '84.88', '157.63', '50', '28', '368'),
('DATA000031', '20', '75.85', '109.15', '70', '3', '275'),
('DATA000032', '20', '75.85', '109.15', '70', '7', '352'),
('DATA000033', '20', '75.85', '109.15', '70', '14', '403'),
('DATA000034', '20', '75.85', '109.15', '70', '21', '435'),
('DATA000035', '20', '75.85', '109.15', '70', '28', '458'),
('DATA000036', '35', '104.25', '130.5', '35.3', '3', '72'),
('DATA000037', '35', '104.25', '130.5', '35.3', '7', '130'),
('DATA000038', '35', '104.25', '130.5', '35.3', '14', '215'),
('DATA000039', '35', '104.25', '130.5', '35.3', '21', '232'),
('DATA000040', '35', '104.25', '130.5', '35.3', '28', '244'),
('DATA000041', '24', '106.60', '153.4', '45', '3', '194'),
('DATA000042', '24', '106.60', '153.4', '45', '7', '252'),
('DATA000043', '24', '106.60', '153.4', '45', '14', '321'),
('DATA000044', '24', '106.60', '153.4', '45', '21', '346'),
('DATA000045', '24', '106.60', '153.4', '45', '28', '365'),
('DATA000046', '30', '91.50', '150', '40', '3', '142'),
('DATA000047', '30', '91.50', '150', '40', '7', '201'),
('DATA000048', '30', '91.50', '150', '40', '14', '258'),
('DATA000049', '30', '91.50', '150', '40', '21', '278'),
('DATA000050', '30', '91.50', '150', '40', '28', '293'),
('DATA000051', '30', '92.25', '150', '40', '3', '136'),
('DATA000052', '30', '92.25', '150', '40', '7', '194'),
('DATA000053', '30', '92.25', '150', '40', '14', '252'),
('DATA000054', '30', '92.25', '150', '40', '21', '272'),
('DATA000055', '30', '92.25', '150', '40', '28', '286'),
('DATA000056', '35', '104.25', '137', '35.5', '3', '72'),
('DATA000057', '35', '104.25', '137', '35.5', '7', '130'),
('DATA000058', '35', '104.25', '137', '35.5', '14', '215'),
('DATA000059', '35', '104.25', '137', '35.5', '21', '232'),
('DATA000060', '35', '104.25', '137', '35.5', '28', '244'),
('DATA000061', '23.75', '84.88', '157.63', '45', '3', '221'),
('DATA000062', '23.75', '84.88', '157.63', '45', '7', '260'),
('DATA000063', '23.75', '84.88', '157.63', '45', '14', '324'),
('DATA000064', '23.75', '84.88', '157.63', '45', '21', '356'),
('DATA000065', '23.75', '84.88', '157.63', '45', '28', '368'),
('DATA000066', '20', '70.50', '110.00', '65.5', '3', '312'),
('DATA000067', '20', '70.50', '110.00', '65.5', '7', '410'),
('DATA000068', '20', '70.50', '110.00', '65.5', '14', '430'),
('DATA000069', '20', '70.50', '110.00', '65.5', '21', '462'),
('DATA000070', '20', '70.50', '110.00', '65.5', '28', '486'),
('DATA000071', '24', '85', '159', '50', '3', '227'),
('DATA000072', '24', '85', '159', '50', '7', '270'),
('DATA000073', '24', '85', '159', '50', '14', '326'),
('DATA000074', '24', '85', '159', '50', '21', '345'),
('DATA000075', '24', '85', '159', '50', '28', '370'),
('DATA000076', '21', '80.00', '120.00', '70', '3', '314'),
('DATA000077', '21', '80.00', '120.00', '70', '7', '420'),
('DATA000078', '21', '80.00', '120.00', '70', '14', '440'),
('DATA000079', '21', '80.00', '120.00', '70', '21', '467'),
('DATA000080', '21', '80.00', '120.00', '70', '28', '493'),
('DATA000081', '24', '86.00', '160', '35.5', '3', '220'),
('DATA000082', '24', '86.00', '160', '35.5', '7', '260'),
('DATA000083', '24', '86.00', '160', '35.5', '14', '328'),
('DATA000084', '24', '86.00', '160', '35.5', '21', '360'),
('DATA000085', '24', '86.00', '160', '35.5', '28', '372'),
('DATA000086', '35', '105.00', '137', '35.5', '3', '71'),
('DATA000087', '35', '105.00', '137', '35.5', '7', '129'),
('DATA000088', '35', '105.00', '137', '35.5', '14', '212'),
('DATA000089', '35', '105.00', '137', '35.5', '21', '230'),
('DATA000090', '35', '105.00', '137', '35.5', '28', '246'),
('DATA000091', '23.5', '85.00', '159', '45.5', '3', '222'),
('DATA000092', '23.5', '85.00', '159', '45.5', '7', '261'),
('DATA000093', '23.5', '85.00', '159', '45.5', '14', '326'),
('DATA000094', '23.5', '85.00', '159', '45.5', '21', '353'),
('DATA000095', '23.5', '85.00', '159', '45.5', '28', '370'),
('DATA000096', '29', '90.00', '156', '43.33', '3', '141'),
('DATA000097', '29', '90.00', '156', '43.33', '7', '200'),
('DATA000098', '29', '90.00', '156', '43.33', '14', '257'),
('DATA000099', '29', '90.00', '156', '43.33', '21', '276'),
('DATA000100', '29', '90.00', '156', '43.33', '28', '289'),
('DATA000101', '24', '85.00', '160', '53.2', '3', '219'),
('DATA000102', '24', '85.00', '160', '53.2', '7', '256'),
('DATA000103', '24', '85.00', '160', '53.2', '14', '350'),
('DATA000104', '24', '85.00', '160', '53.2', '21', '353'),
('DATA000105', '24', '85.00', '160', '53.2', '28', '364'),
('DATA000106', '25', '97.50', '147', '50', '3', '240'),
('DATA000107', '25', '97.50', '147', '50', '7', '256'),
('DATA000108', '25', '97.50', '147', '50', '14', '320'),
('DATA000109', '25', '97.50', '147', '50', '21', '346'),
('DATA000110', '25', '97.50', '147', '50', '28', '360'),
('DATA000111', '23.75', '100.00', '140', '45', '3', '230'),
('DATA000112', '23.75', '100.00', '140', '45', '7', '250'),
('DATA000113', '23.75', '100.00', '140', '45', '14', '333'),
('DATA000114', '23.75', '100.00', '140', '45', '21', '349'),
('DATA000115', '23.75', '100.00', '140', '45', '28', '369'),
('DATA000116', '24', '91.58', '94.05', '53.5', '3', '213'),
('DATA000117', '24', '91.58', '94.05', '53.5', '7', '257'),
('DATA000118', '24', '91.58', '94.05', '53.5', '14', '324'),
('DATA000119', '24', '91.58', '94.05', '53.5', '21', '349'),
('DATA000120', '24', '91.58', '94.05', '53.5', '28', '368'),
('DATA000121', '23.75', '84.88', '157.63', '55.75', '3', '234'),
('DATA000122', '23.75', '84.88', '157.63', '55.75', '7', '280'),
('DATA000123', '23.75', '84.88', '157.63', '55.75', '14', '333'),
('DATA000124', '23.75', '84.88', '157.63', '55.75', '21', '359'),
('DATA000125', '23.75', '84.88', '157.63', '55.75', '28', '378'),
('DATA000126', '20', '70.50', '110.00', '76.4', '3', '312'),
('DATA000127', '20', '70.50', '110.00', '76.4', '7', '410'),
('DATA000128', '20', '70.50', '110.00', '76.4', '14', '430'),
('DATA000129', '20', '70.50', '110.00', '76.4', '21', '462'),
('DATA000130', '20', '70.50', '110.00', '76.4', '28', '486'),
('DATA000131', '20', '75.85', '109.15', '63.5', '3', '275'),
('DATA000132', '20', '75.85', '109.15', '63.5', '7', '352'),
('DATA000133', '20', '75.85', '109.15', '63.5', '14', '403'),
('DATA000134', '20', '75.85', '109.15', '63.5', '21', '435'),
('DATA000135', '20', '75.85', '109.15', '63.5', '28', '458'),
('DATA000136', '30', '91.50', '140', '32.5', '3', '142'),
('DATA000137', '30', '91.50', '140', '32.5', '7', '201'),
('DATA000138', '30', '91.50', '140', '32.5', '14', '258'),
('DATA000139', '30', '91.50', '140', '32.5', '21', '278'),
('DATA000140', '30', '91.50', '140', '32.5', '28', '293'),
('DATA000141', '23.75', '84.88', '157.63', '43.5', '3', '221'),
('DATA000142', '23.75', '84.88', '157.63', '43.5', '7', '260'),
('DATA000143', '23.75', '84.88', '157.63', '43.5', '14', '324'),
('DATA000144', '23.75', '84.88', '157.63', '43.5', '21', '356'),
('DATA000145', '23.75', '84.88', '157.63', '43.5', '28', '368'),
('DATA000146', '24', '103.53', '148.98', '56.5', '3', '218'),
('DATA000147', '24', '103.53', '148.98', '56.5', '7', '248'),
('DATA000148', '24', '103.53', '148.98', '56.5', '14', '320'),
('DATA000149', '24', '103.53', '148.98', '56.5', '21', '345'),
('DATA000150', '24', '103.53', '148.98', '56.5', '28', '364'),
('DATA000151', '24', '106.60', '153.4', '48.2', '3', '194'),
('DATA000152', '24', '106.60', '153.4', '48.2', '7', '252'),
('DATA000153', '24', '106.60', '153.4', '48.2', '14', '321'),
('DATA000154', '24', '106.60', '153.4', '48.2', '21', '346'),
('DATA000155', '24', '106.60', '153.4', '48.2', '28', '365'),
('DATA000156', '30', '91.50', '148', '28.96', '3', '142'),
('DATA000157', '30', '91.50', '148', '28.96', '7', '201'),
('DATA000158', '30', '91.50', '148', '28.96', '14', '258'),
('DATA000159', '30', '91.50', '148', '28.96', '21', '278'),
('DATA000160', '30', '91.50', '148', '28.96', '28', '293'),
('DATA000161', '20', '70.50', '110.00', '85', '3', '312'),
('DATA000162', '20', '70.50', '110.00', '85', '7', '410'),
('DATA000163', '20', '70.50', '110.00', '85', '14', '430'),
('DATA000164', '20', '70.50', '110.00', '85', '21', '462'),
('DATA000165', '20', '70.50', '110.00', '85', '28', '486'),
('DATA000166', '23.75', '84.88', '157.63', '45.7', '3', '234'),
('DATA000167', '23.75', '84.88', '157.63', '45.7', '7', '280'),
('DATA000168', '23.75', '84.88', '157.63', '45.7', '14', '333'),
('DATA000169', '23.75', '84.88', '157.63', '45.7', '21', '359'),
('DATA000170', '23.75', '84.88', '157.63', '45.7', '28', '378'),
('DATA000171', '20', '75.85', '109.15', '67.5', '3', '275'),
('DATA000172', '20', '75.85', '109.15', '67.5', '7', '352'),
('DATA000173', '20', '75.85', '109.15', '67.5', '14', '403'),
('DATA000174', '20', '75.85', '109.15', '67.5', '21', '435'),
('DATA000175', '20', '75.85', '109.15', '67.5', '28', '458'),
('DATA000176', '35', '104.25', '148', '26.5', '3', '72'),
('DATA000177', '35', '104.25', '148', '26.5', '7', '130'),
('DATA000178', '35', '104.25', '148', '26.5', '14', '215'),
('DATA000179', '35', '104.25', '148', '26.5', '21', '232'),
('DATA000180', '35', '104.25', '148', '26.5', '28', '244'),
('DATA000181', '19', '69.70', '100.30', '78.9', '3', '311'),
('DATA000182', '19', '69.70', '100.30', '78.9', '7', '401'),
('DATA000183', '19', '69.70', '100.30', '78.9', '14', '424'),
('DATA000184', '19', '69.70', '100.30', '78.9', '21', '458'),
('DATA000185', '19', '69.70', '100.30', '78.9', '28', '482'),
('DATA000186', '23.75', '97.00', '145.5', '47.9', '3', '243'),
('DATA000187', '23.75', '97.00', '145.5', '47.9', '7', '261'),
('DATA000188', '23.75', '97.00', '145.5', '47.9', '14', '322'),
('DATA000189', '23.75', '97.00', '145.5', '47.9', '21', '348'),
('DATA000190', '23.75', '97.00', '145.5', '47.9', '28', '367');

-- --------------------------------------------------------

--
-- Struktur dari tabel `fk_training`
--

CREATE TABLE IF NOT EXISTS `fk_training` (
  `kode_fk_training` varchar(20) NOT NULL,
  `kode_training` varchar(10) NOT NULL,
  `kode_mf` varchar(3) NOT NULL,
  `kode_ling` varchar(3) NOT NULL,
  `a` varchar(10) NOT NULL,
  `b` varchar(10) NOT NULL,
  `c` varchar(10) NOT NULL
) ENGINE=InnoDB DEFAULT CHARSET=latin1;

--
-- Dumping data untuk tabel `fk_training`
--

INSERT INTO `fk_training` (`kode_fk_training`, `kode_training`, `kode_mf`, `kode_ling`, `a`, `b`, `c`) VALUES
('MFT00000000000000061', 'TRN0000001', 'A', 'A1', '11.90283', '10.47447', '9.04611'),
('MFT00000000000000062', 'TRN0000001', 'A', 'A2', '21.17113', '42.03572', '62.90031'),
('MFT00000000000000063', 'TRN0000001', 'A', 'A3', '27.78992', '34.681575', '41.57323'),
('MFT00000000000000064', 'TRN0000001', 'H', 'H1', '52.57898', '166.4774', '280.37582'),
('MFT00000000000000065', 'TRN0000001', 'H', 'H2', '64.52367', '61.812795', '59.10192'),
('MFT00000000000000066', 'TRN0000001', 'H', 'H3', '100.3193', '116.53326', '132.74722'),
('MFT00000000000000067', 'TRN0000001', 'K', 'K1', '69.6472', '82.52203', '95.39686'),
('MFT00000000000000068', 'TRN0000001', 'K', 'K2', '122.32145', '155.44236', '188.56327'),
('MFT00000000000000069', 'TRN0000001', 'K', 'K3', '139.11481', '194.33611', '249.55741'),
('MFT00000000000000070', 'TRN0000001', 'S', 'S1', '13.59315', '31.58173', '49.57031'),
('MFT00000000000000071', 'TRN0000001', 'S', 'S2', '27.32853', '50.50715', '73.68577'),
('MFT00000000000000072', 'TRN0000001', 'S', 'S3', '59.50706', '83.288575', '107.07009'),
('MFT00000000000000073', 'TRN0000001', 'U', 'U1', '0.51463', '5.359345', '10.20406'),
('MFT00000000000000074', 'TRN0000001', 'U', 'U2', '5.00441', '11.386795', '17.76918'),
('MFT00000000000000075', 'TRN0000001', 'U', 'U3', '13.74597', '23.039965', '32.33396'),
('MFT00000000000000076', 'TRN0000002', 'A', 'A1', '11.97394', '16.34233', '20.71072'),
('MFT00000000000000077', 'TRN0000002', 'A', 'A2', '20.33604', '29.139955', '37.94387'),
('MFT00000000000000078', 'TRN0000002', 'A', 'A3', '28.53071', '32.12699', '35.72327'),
('MFT00000000000000079', 'TRN0000002', 'H', 'H1', '52.81522', '91.667425', '130.51963'),
('MFT00000000000000080', 'TRN0000002', 'H', 'H2', '63.17541', '77.605025', '92.03464'),
('MFT00000000000000081', 'TRN0000002', 'H', 'H3', '100.7508', '123.977475', '147.20415'),
('MFT00000000000000082', 'TRN0000002', 'K', 'K1', '69.80991', '87.498645', '105.18738'),
('MFT00000000000000083', 'TRN0000002', 'K', 'K2', '122.82823', '179.03657', '235.24491'),
('MFT00000000000000084', 'TRN0000002', 'K', 'K3', '136.11822', '219.972185', '303.82615'),
('MFT00000000000000085', 'TRN0000002', 'S', 'S1', '14.39839', '32.21251', '50.02663'),
('MFT00000000000000086', 'TRN0000002', 'S', 'S2', '25.01692', '49.02682', '73.03672'),
('MFT00000000000000087', 'TRN0000002', 'S', 'S3', '59.84472', '82.388205', '104.93169'),
('MFT00000000000000088', 'TRN0000002', 'U', 'U1', '0.69336', '8.429585', '16.16581'),
('MFT00000000000000089', 'TRN0000002', 'U', 'U2', '4.70852', '12.895825', '21.08313'),
('MFT00000000000000090', 'TRN0000002', 'U', 'U3', '12.35066', '22.15751', '31.96436'),
('MFT00000000000000091', 'TRN0000003', 'A', 'A1', '11.99467', '18.45622', '24.91777'),
('MFT00000000000000092', 'TRN0000003', 'A', 'A2', '20.00247', '24.964485', '29.9265'),
('MFT00000000000000093', 'TRN0000003', 'A', 'A3', '25.017', '32.507775', '39.99855'),
('MFT00000000000000094', 'TRN0000003', 'H', 'H1', '49.98856', '64.8892', '79.78984'),
('MFT00000000000000095', 'TRN0000003', 'H', 'H2', '65.00245', '79.94907', '94.89569'),
('MFT00000000000000096', 'TRN0000003', 'H', 'H3', '90.04502', '105.06595', '120.08688'),
('MFT00000000000000097', 'TRN0000003', 'K', 'K1', '69.97742', '94.84016', '119.7029'),
('MFT00000000000000098', 'TRN0000003', 'K', 'K2', '100.10377', '125.037275', '149.97078'),
('MFT00000000000000099', 'TRN0000003', 'K', 'K3', '140.06491', '160.189145', '180.31338'),
('MFT00000000000000100', 'TRN0000003', 'S', 'S1', '10.01692', '27.57989', '45.14286'),
('MFT00000000000000101', 'TRN0000003', 'S', 'S2', '25.03663', '45.066655', '65.09668'),
('MFT00000000000000102', 'TRN0000003', 'S', 'S3', '59.95566', '75.018', '90.08034'),
('MFT00000000000000103', 'TRN0000003', 'U', 'U1', '0.00448', '3.566115', '7.12775'),
('MFT00000000000000104', 'TRN0000003', 'U', 'U2', '4.99899', '10.026505', '15.05402'),
('MFT00000000000000105', 'TRN0000003', 'U', 'U3', '13.98617', '21.988805', '29.99144'),
('MFT00000000000000106', 'TRN0000004', 'A', 'A1', '11.99035', '18.491755', '24.99316'),
('MFT00000000000000107', 'TRN0000004', 'A', 'A2', '19.99927', '24.98349', '29.96771'),
('MFT00000000000000108', 'TRN0000004', 'A', 'A3', '24.99885', '32.471325', '39.9438'),
('MFT00000000000000109', 'TRN0000004', 'H', 'H1', '49.98031', '64.989075', '79.99784'),
('MFT00000000000000110', 'TRN0000004', 'H', 'H2', '64.9772', '79.94846', '94.91972'),
('MFT00000000000000111', 'TRN0000004', 'H', 'H3', '89.99889', '104.88651', '119.77413'),
('MFT00000000000000112', 'TRN0000004', 'K', 'K1', '69.97647', '95.01022', '120.04397'),
('MFT00000000000000113', 'TRN0000004', 'K', 'K2', '99.9639', '124.91834', '149.87278'),
('MFT00000000000000114', 'TRN0000004', 'K', 'K3', '139.96354', '159.804045', '179.64455'),
('MFT00000000000000115', 'TRN0000004', 'S', 'S1', '9.9994', '27.574085', '45.14877'),
('MFT00000000000000116', 'TRN0000004', 'S', 'S2', '24.98884', '45.010665', '65.03249'),
('MFT00000000000000117', 'TRN0000004', 'S', 'S3', '59.95332', '74.91634', '89.87936'),
('MFT00000000000000118', 'TRN0000004', 'U', 'U1', '1.0E-5', '3.56217', '7.12433'),
('MFT00000000000000119', 'TRN0000004', 'U', 'U2', '4.99963', '10.02108', '15.04253'),
('MFT00000000000000120', 'TRN0000004', 'U', 'U3', '13.98144', '21.977115', '29.97279'),
('MFT00000000000000121', 'TRN0000005', 'A', 'A1', '12.0004', '18.445265', '24.89013'),
('MFT00000000000000122', 'TRN0000005', 'A', 'A2', '19.99891', '24.964855', '29.9308'),
('MFT00000000000000123', 'TRN0000005', 'A', 'A3', '25.02279', '32.521315', '40.01984'),
('MFT00000000000000124', 'TRN0000005', 'H', 'H1', '50.00187', '64.89201', '79.78215'),
('MFT00000000000000125', 'TRN0000005', 'H', 'H2', '64.99695', '79.954395', '94.91184'),
('MFT00000000000000126', 'TRN0000005', 'H', 'H3', '90.06367', '105.04969', '120.03571'),
('MFT00000000000000127', 'TRN0000005', 'K', 'K1', '70.00168', '94.88367', '119.76566'),
('MFT00000000000000128', 'TRN0000005', 'K', 'K2', '100.16412', '125.1734', '150.18268'),
('MFT00000000000000129', 'TRN0000005', 'K', 'K3', '139.99007', '160.32979', '180.66951'),
('MFT00000000000000130', 'TRN0000005', 'S', 'S1', '10.02556', '27.516695', '45.00783'),
('MFT00000000000000131', 'TRN0000005', 'S', 'S2', '25.01356', '45.03359', '65.05362'),
('MFT00000000000000132', 'TRN0000005', 'S', 'S3', '60.00695', '75.0839', '90.16085'),
('MFT00000000000000133', 'TRN0000005', 'U', 'U1', '0.00441', '3.53394', '7.06347'),
('MFT00000000000000134', 'TRN0000005', 'U', 'U2', '4.99977', '10.01741', '15.03505'),
('MFT00000000000000135', 'TRN0000005', 'U', 'U3', '13.99597', '22.003525', '30.01108');

-- --------------------------------------------------------

--
-- Struktur dari tabel `fungsi_keanggotaan`
--

CREATE TABLE IF NOT EXISTS `fungsi_keanggotaan` (
  `kode` varchar(10) NOT NULL,
  `kode_mf` varchar(4) NOT NULL,
  `kode_ling` varchar(4) NOT NULL,
  `a` int(11) NOT NULL,
  `b` int(11) NOT NULL,
  `c` int(11) NOT NULL
) ENGINE=InnoDB DEFAULT CHARSET=latin1;

--
-- Dumping data untuk tabel `fungsi_keanggotaan`
--

INSERT INTO `fungsi_keanggotaan` (`kode`, `kode_mf`, `kode_ling`, `a`, `b`, `c`) VALUES
('MF00000001', 'A', 'A1', 12, 20, 25),
('MF00000002', 'A', 'A2', 20, 25, 30),
('MF00000003', 'A', 'A3', 25, 35, 40),
('MF00000004', 'H', 'H1', 50, 65, 80),
('MF00000005', 'H', 'H2', 65, 80, 95),
('MF00000006', 'H', 'H3', 90, 105, 120),
('MF00000007', 'K', 'K1', 70, 90, 120),
('MF00000008', 'K', 'K2', 100, 130, 150),
('MF00000009', 'K', 'K3', 140, 160, 180),
('MF00000010', 'S', 'S1', 10, 25, 45),
('MF00000011', 'S', 'S2', 25, 45, 65),
('MF00000012', 'S', 'S3', 60, 85, 90),
('MF00000013', 'U', 'U1', 0, 3, 7),
('MF00000014', 'U', 'U2', 5, 10, 15),
('MF00000015', 'U', 'U3', 14, 24, 30),
('MF00000016', 'F', 'F1', 50, 70, 100),
('MF00000017', 'F', 'F2', 70, 100, 130),
('MF00000018', 'F', 'F3', 100, 130, 160),
('MF00000019', 'F', 'F4', 130, 160, 190),
('MF00000020', 'F', 'F5', 160, 190, 220),
('MF00000021', 'F', 'F6', 190, 220, 250),
('MF00000022', 'F', 'F7', 220, 250, 280),
('MF00000023', 'F', 'F8', 250, 280, 310),
('MF00000024', 'F', 'F9', 280, 310, 340),
('MF00000025', 'F', 'F10', 310, 340, 370),
('MF00000026', 'F', 'F11', 340, 370, 400),
('MF00000027', 'F', 'F12', 370, 400, 430),
('MF00000028', 'F', 'F13', 400, 430, 460),
('MF00000029', 'F', 'F14', 430, 460, 490);

-- --------------------------------------------------------

--
-- Struktur dari tabel `mainmenu`
--

CREATE TABLE IF NOT EXISTS `mainmenu` (
`id_mainmenu` int(11) NOT NULL,
  `nama_mainmenu` varchar(100) NOT NULL,
  `icon` varchar(30) NOT NULL,
  `aktif` enum('y','t') NOT NULL,
  `link` varchar(50) NOT NULL,
  `level` int(11) NOT NULL COMMENT '1= admin,2=jurusan,3 dosen'
) ENGINE=InnoDB  DEFAULT CHARSET=latin1 AUTO_INCREMENT=60 ;

--
-- Dumping data untuk tabel `mainmenu`
--

INSERT INTO `mainmenu` (`id_mainmenu`, `nama_mainmenu`, `icon`, `aktif`, `link`, `level`) VALUES
(26, 'master data', 'fa fa-bar-chart-o', 'y', '#', 1),
(48, 'Hak Akses', 'gi gi-display', 't', '#', 1),
(58, 'HOME', 'fa fa-home', 'y', 'home', 1),
(59, 'ANFIS', 'gi gi-anchor', 'y', 'training', 1);

-- --------------------------------------------------------

--
-- Struktur dari tabel `rules`
--

CREATE TABLE IF NOT EXISTS `rules` (
  `RulesID` varchar(10) NOT NULL,
  `Air` varchar(3) NOT NULL,
  `AgregatHalus` varchar(3) NOT NULL,
  `AgregatKasar` varchar(3) NOT NULL,
  `Semen` varchar(3) NOT NULL,
  `Umur` varchar(3) NOT NULL,
  `KuatTekan` varchar(3) NOT NULL
) ENGINE=InnoDB DEFAULT CHARSET=latin1;

--
-- Dumping data untuk tabel `rules`
--

INSERT INTO `rules` (`RulesID`, `Air`, `AgregatHalus`, `AgregatKasar`, `Semen`, `Umur`, `KuatTekan`) VALUES
('RULE000001', 'A1', 'H1', 'K1', 'S1', 'U1', 'F10'),
('RULE000002', 'A1', 'H1', 'K1', 'S1', 'U2', 'F10'),
('RULE000003', 'A1', 'H1', 'K1', 'S1', 'U3', 'F11'),
('RULE000004', 'A1', 'H1', 'K1', 'S2', 'U1', 'F10'),
('RULE000005', 'A1', 'H1', 'K1', 'S2', 'U2', 'F10'),
('RULE000006', 'A1', 'H1', 'K1', 'S2', 'U3', 'F11'),
('RULE000007', 'A1', 'H1', 'K1', 'S3', 'U1', 'F10'),
('RULE000008', 'A1', 'H1', 'K1', 'S3', 'U2', 'F12'),
('RULE000009', 'A1', 'H1', 'K1', 'S3', 'U3', 'F13'),
('RULE000010', 'A1', 'H1', 'K2', 'S1', 'U1', 'F10'),
('RULE000011', 'A1', 'H1', 'K2', 'S1', 'U2', 'F10'),
('RULE000012', 'A1', 'H1', 'K2', 'S1', 'U3', 'F11'),
('RULE000013', 'A1', 'H1', 'K2', 'S2', 'U1', 'F10'),
('RULE000014', 'A1', 'H1', 'K2', 'S2', 'U2', 'F12'),
('RULE000015', 'A1', 'H1', 'K2', 'S2', 'U3', 'F13'),
('RULE000016', 'A1', 'H1', 'K2', 'S3', 'U1', 'F10'),
('RULE000017', 'A1', 'H1', 'K2', 'S3', 'U2', 'F12'),
('RULE000018', 'A1', 'H1', 'K2', 'S3', 'U3', 'F13'),
('RULE000019', 'A1', 'H1', 'K3', 'S1', 'U1', 'F10'),
('RULE000020', 'A1', 'H1', 'K3', 'S1', 'U2', 'F10'),
('RULE000021', 'A1', 'H1', 'K3', 'S1', 'U3', 'F11'),
('RULE000022', 'A1', 'H1', 'K3', 'S2', 'U1', 'F10'),
('RULE000023', 'A1', 'H1', 'K3', 'S2', 'U2', 'F12'),
('RULE000024', 'A1', 'H1', 'K3', 'S2', 'U3', 'F13'),
('RULE000025', 'A1', 'H1', 'K3', 'S3', 'U1', 'F10'),
('RULE000026', 'A1', 'H1', 'K3', 'S3', 'U2', 'F12'),
('RULE000027', 'A1', 'H1', 'K3', 'S3', 'U3', 'F13'),
('RULE000028', 'A1', 'H2', 'K1', 'S1', 'U1', 'F10'),
('RULE000029', 'A1', 'H2', 'K1', 'S1', 'U2', 'F10'),
('RULE000030', 'A1', 'H2', 'K1', 'S1', 'U3', 'F11'),
('RULE000031', 'A1', 'H2', 'K1', 'S2', 'U1', 'F10'),
('RULE000032', 'A1', 'H2', 'K1', 'S2', 'U2', 'F12'),
('RULE000033', 'A1', 'H2', 'K1', 'S2', 'U3', 'F13'),
('RULE000034', 'A1', 'H2', 'K1', 'S3', 'U1', 'F10'),
('RULE000035', 'A1', 'H2', 'K1', 'S3', 'U2', 'F12'),
('RULE000036', 'A1', 'H2', 'K1', 'S3', 'U3', 'F13'),
('RULE000037', 'A1', 'H2', 'K2', 'S1', 'U1', 'F10'),
('RULE000038', 'A1', 'H2', 'K2', 'S1', 'U2', 'F10'),
('RULE000039', 'A1', 'H2', 'K2', 'S1', 'U3', 'F11'),
('RULE000040', 'A1', 'H2', 'K2', 'S2', 'U1', 'F10'),
('RULE000041', 'A1', 'H2', 'K2', 'S2', 'U2', 'F12'),
('RULE000042', 'A1', 'H2', 'K2', 'S2', 'U3', 'F13'),
('RULE000043', 'A1', 'H2', 'K2', 'S3', 'U1', 'F10'),
('RULE000044', 'A1', 'H2', 'K2', 'S3', 'U2', 'F12'),
('RULE000045', 'A1', 'H2', 'K2', 'S3', 'U3', 'F13'),
('RULE000046', 'A1', 'H2', 'K3', 'S1', 'U1', 'F8'),
('RULE000047', 'A1', 'H2', 'K3', 'S1', 'U2', 'F9'),
('RULE000048', 'A1', 'H2', 'K3', 'S1', 'U3', 'F10'),
('RULE000049', 'A1', 'H2', 'K3', 'S2', 'U1', 'F7'),
('RULE000050', 'A1', 'H2', 'K3', 'S2', 'U2', 'F8'),
('RULE000051', 'A1', 'H2', 'K3', 'S2', 'U3', 'F10'),
('RULE000052', 'A1', 'H2', 'K3', 'S3', 'U1', 'F12'),
('RULE000053', 'A1', 'H2', 'K3', 'S3', 'U2', 'F12'),
('RULE000054', 'A1', 'H2', 'K3', 'S3', 'U3', 'F13'),
('RULE000055', 'A1', 'H3', 'K1', 'S1', 'U1', 'F8'),
('RULE000056', 'A1', 'H3', 'K1', 'S1', 'U2', 'F9'),
('RULE000057', 'A1', 'H3', 'K1', 'S1', 'U3', 'F10'),
('RULE000058', 'A1', 'H3', 'K1', 'S2', 'U1', 'F7'),
('RULE000059', 'A1', 'H3', 'K1', 'S2', 'U2', 'F8'),
('RULE000060', 'A1', 'H3', 'K1', 'S2', 'U3', 'F10'),
('RULE000061', 'A1', 'H3', 'K1', 'S3', 'U1', 'F7'),
('RULE000062', 'A1', 'H3', 'K1', 'S3', 'U2', 'F8'),
('RULE000063', 'A1', 'H3', 'K1', 'S3', 'U3', 'F10'),
('RULE000064', 'A1', 'H3', 'K2', 'S1', 'U1', 'F6'),
('RULE000065', 'A1', 'H3', 'K2', 'S1', 'U2', 'F6'),
('RULE000066', 'A1', 'H3', 'K2', 'S1', 'U3', 'F7'),
('RULE000067', 'A1', 'H3', 'K2', 'S2', 'U1', 'F9'),
('RULE000068', 'A1', 'H3', 'K2', 'S2', 'U2', 'F9'),
('RULE000069', 'A1', 'H3', 'K2', 'S2', 'U3', 'F10'),
('RULE000070', 'A1', 'H3', 'K2', 'S3', 'U1', 'F10'),
('RULE000071', 'A1', 'H3', 'K2', 'S3', 'U2', 'F10'),
('RULE000072', 'A1', 'H3', 'K2', 'S3', 'U3', 'F10'),
('RULE000073', 'A1', 'H3', 'K3', 'S1', 'U1', 'F6'),
('RULE000074', 'A1', 'H3', 'K3', 'S1', 'U2', 'F10'),
('RULE000075', 'A1', 'H3', 'K3', 'S1', 'U3', 'F10'),
('RULE000076', 'A1', 'H3', 'K3', 'S2', 'U1', 'F7'),
('RULE000077', 'A1', 'H3', 'K3', 'S2', 'U2', 'F8'),
('RULE000078', 'A1', 'H3', 'K3', 'S2', 'U3', 'F9'),
('RULE000079', 'A1', 'H3', 'K3', 'S3', 'U1', 'F7'),
('RULE000080', 'A1', 'H3', 'K3', 'S3', 'U2', 'F8'),
('RULE000081', 'A1', 'H3', 'K3', 'S3', 'U3', 'F9'),
('RULE000082', 'A2', 'H1', 'K1', 'S1', 'U1', 'F6'),
('RULE000083', 'A2', 'H1', 'K1', 'S1', 'U2', 'F7'),
('RULE000084', 'A2', 'H1', 'K1', 'S1', 'U3', 'F8'),
('RULE000085', 'A2', 'H1', 'K1', 'S2', 'U1', 'F6'),
('RULE000086', 'A2', 'H1', 'K1', 'S2', 'U2', 'F6'),
('RULE000087', 'A2', 'H1', 'K1', 'S2', 'U3', 'F7'),
('RULE000088', 'A2', 'H1', 'K1', 'S3', 'U1', 'F10'),
('RULE000089', 'A2', 'H1', 'K1', 'S3', 'U2', 'F11'),
('RULE000090', 'A2', 'H1', 'K1', 'S3', 'U3', 'F12'),
('RULE000091', 'A2', 'H1', 'K2', 'S1', 'U1', 'F5'),
('RULE000092', 'A2', 'H1', 'K2', 'S1', 'U2', 'F6'),
('RULE000093', 'A2', 'H1', 'K2', 'S1', 'U3', 'F8'),
('RULE000094', 'A2', 'H1', 'K2', 'S2', 'U1', 'F9'),
('RULE000095', 'A2', 'H1', 'K2', 'S2', 'U2', 'F11'),
('RULE000096', 'A2', 'H1', 'K2', 'S2', 'U3', 'F12'),
('RULE000097', 'A2', 'H1', 'K2', 'S3', 'U1', 'F6'),
('RULE000098', 'A2', 'H1', 'K2', 'S3', 'U2', 'F7'),
('RULE000099', 'A2', 'H1', 'K2', 'S3', 'U3', 'F8'),
('RULE000100', 'A2', 'H1', 'K3', 'S1', 'U1', 'F6'),
('RULE000101', 'A2', 'H1', 'K3', 'S1', 'U2', 'F6'),
('RULE000102', 'A2', 'H1', 'K3', 'S1', 'U3', 'F7'),
('RULE000103', 'A2', 'H1', 'K3', 'S2', 'U1', 'F10'),
('RULE000104', 'A2', 'H1', 'K3', 'S2', 'U2', 'F11'),
('RULE000105', 'A2', 'H1', 'K3', 'S2', 'U3', 'F12'),
('RULE000106', 'A2', 'H1', 'K3', 'S3', 'U1', 'F5'),
('RULE000107', 'A2', 'H1', 'K3', 'S3', 'U2', 'F6'),
('RULE000108', 'A2', 'H1', 'K3', 'S3', 'U3', 'F8'),
('RULE000109', 'A2', 'H2', 'K1', 'S1', 'U1', 'F9'),
('RULE000110', 'A2', 'H2', 'K1', 'S1', 'U2', 'F11'),
('RULE000111', 'A2', 'H2', 'K1', 'S1', 'U3', 'F12'),
('RULE000112', 'A2', 'H2', 'K1', 'S2', 'U1', 'F5'),
('RULE000113', 'A2', 'H2', 'K1', 'S2', 'U2', 'F6'),
('RULE000114', 'A2', 'H2', 'K1', 'S2', 'U3', 'F8'),
('RULE000115', 'A2', 'H2', 'K1', 'S3', 'U1', 'F9'),
('RULE000116', 'A2', 'H2', 'K1', 'S3', 'U2', 'F11'),
('RULE000117', 'A2', 'H2', 'K1', 'S3', 'U3', 'F12'),
('RULE000118', 'A2', 'H2', 'K2', 'S1', 'U1', 'F6'),
('RULE000119', 'A2', 'H2', 'K2', 'S1', 'U2', 'F7'),
('RULE000120', 'A2', 'H2', 'K2', 'S1', 'U3', 'F8'),
('RULE000121', 'A2', 'H2', 'K2', 'S2', 'U1', 'F6'),
('RULE000122', 'A2', 'H2', 'K2', 'S2', 'U2', 'F6'),
('RULE000123', 'A2', 'H2', 'K2', 'S2', 'U3', 'F7'),
('RULE000124', 'A2', 'H2', 'K2', 'S3', 'U1', 'F10'),
('RULE000125', 'A2', 'H2', 'K2', 'S3', 'U2', 'F11'),
('RULE000126', 'A2', 'H2', 'K2', 'S3', 'U3', 'F12'),
('RULE000127', 'A2', 'H2', 'K3', 'S1', 'U1', 'F5'),
('RULE000128', 'A2', 'H2', 'K3', 'S1', 'U2', 'F6'),
('RULE000129', 'A2', 'H2', 'K3', 'S1', 'U3', 'F8'),
('RULE000130', 'A2', 'H2', 'K3', 'S2', 'U1', 'F9'),
('RULE000131', 'A2', 'H2', 'K3', 'S2', 'U2', 'F11'),
('RULE000132', 'A2', 'H2', 'K3', 'S2', 'U3', 'F12'),
('RULE000133', 'A2', 'H2', 'K3', 'S3', 'U1', 'F9'),
('RULE000134', 'A2', 'H2', 'K3', 'S3', 'U2', 'F11'),
('RULE000135', 'A2', 'H2', 'K3', 'S3', 'U3', 'F12'),
('RULE000136', 'A2', 'H3', 'K1', 'S1', 'U1', 'F5'),
('RULE000137', 'A2', 'H3', 'K1', 'S1', 'U2', 'F6'),
('RULE000138', 'A2', 'H3', 'K1', 'S1', 'U3', 'F8'),
('RULE000139', 'A2', 'H3', 'K1', 'S2', 'U1', 'F9'),
('RULE000140', 'A2', 'H3', 'K1', 'S2', 'U2', 'F11'),
('RULE000141', 'A2', 'H3', 'K1', 'S2', 'U3', 'F12'),
('RULE000142', 'A2', 'H3', 'K1', 'S3', 'U1', 'F9'),
('RULE000143', 'A2', 'H3', 'K1', 'S3', 'U2', 'F11'),
('RULE000144', 'A2', 'H3', 'K1', 'S3', 'U3', 'F12'),
('RULE000145', 'A2', 'H3', 'K2', 'S1', 'U1', 'F6'),
('RULE000146', 'A2', 'H3', 'K2', 'S1', 'U2', 'F6'),
('RULE000147', 'A2', 'H3', 'K2', 'S1', 'U3', 'F7'),
('RULE000148', 'A2', 'H3', 'K2', 'S2', 'U1', 'F10'),
('RULE000149', 'A2', 'H3', 'K2', 'S2', 'U2', 'F10'),
('RULE000150', 'A2', 'H3', 'K2', 'S2', 'U3', 'F10'),
('RULE000151', 'A2', 'H3', 'K2', 'S3', 'U1', 'F10'),
('RULE000152', 'A2', 'H3', 'K2', 'S3', 'U2', 'F10'),
('RULE000153', 'A2', 'H3', 'K2', 'S3', 'U3', 'F10'),
('RULE000154', 'A2', 'H3', 'K3', 'S1', 'U1', 'F7'),
('RULE000155', 'A2', 'H3', 'K3', 'S1', 'U2', 'F11'),
('RULE000156', 'A2', 'H3', 'K3', 'S1', 'U3', 'F11'),
('RULE000157', 'A2', 'H3', 'K3', 'S2', 'U1', 'F7'),
('RULE000158', 'A2', 'H3', 'K3', 'S2', 'U2', 'F8'),
('RULE000159', 'A2', 'H3', 'K3', 'S2', 'U3', 'F9'),
('RULE000160', 'A2', 'H3', 'K3', 'S3', 'U1', 'F7'),
('RULE000161', 'A2', 'H3', 'K3', 'S3', 'U2', 'F8'),
('RULE000162', 'A2', 'H3', 'K3', 'S3', 'U3', 'F9'),
('RULE000163', 'A3', 'H1', 'K1', 'S1', 'U1', 'F3'),
('RULE000164', 'A3', 'H1', 'K1', 'S1', 'U2', 'F5'),
('RULE000165', 'A3', 'H1', 'K1', 'S1', 'U3', 'F5'),
('RULE000166', 'A3', 'H1', 'K1', 'S2', 'U1', 'F4'),
('RULE000167', 'A3', 'H1', 'K1', 'S2', 'U2', 'F6'),
('RULE000168', 'A3', 'H1', 'K1', 'S2', 'U3', 'F7'),
('RULE000169', 'A3', 'H1', 'K1', 'S3', 'U1', 'F8'),
('RULE000170', 'A3', 'H1', 'K1', 'S3', 'U2', 'F9'),
('RULE000171', 'A3', 'H1', 'K1', 'S3', 'U3', 'F10'),
('RULE000172', 'A3', 'H1', 'K2', 'S1', 'U1', 'F3'),
('RULE000173', 'A3', 'H1', 'K2', 'S1', 'U2', 'F5'),
('RULE000174', 'A3', 'H1', 'K2', 'S1', 'U3', 'F5'),
('RULE000175', 'A3', 'H1', 'K2', 'S2', 'U1', 'F4'),
('RULE000176', 'A3', 'H1', 'K2', 'S2', 'U2', 'F6'),
('RULE000177', 'A3', 'H1', 'K2', 'S2', 'U3', 'F7'),
('RULE000178', 'A3', 'H1', 'K2', 'S3', 'U1', 'F8'),
('RULE000179', 'A3', 'H1', 'K2', 'S3', 'U2', 'F9'),
('RULE000180', 'A3', 'H1', 'K2', 'S3', 'U3', 'F10'),
('RULE000181', 'A3', 'H1', 'K3', 'S1', 'U1', 'F3'),
('RULE000182', 'A3', 'H1', 'K3', 'S1', 'U2', 'F5'),
('RULE000183', 'A3', 'H1', 'K3', 'S1', 'U3', 'F5'),
('RULE000184', 'A3', 'H1', 'K3', 'S2', 'U1', 'F4'),
('RULE000185', 'A3', 'H1', 'K3', 'S2', 'U2', 'F6'),
('RULE000186', 'A3', 'H1', 'K3', 'S2', 'U3', 'F7'),
('RULE000187', 'A3', 'H1', 'K3', 'S3', 'U1', 'F8'),
('RULE000188', 'A3', 'H1', 'K3', 'S3', 'U2', 'F9'),
('RULE000189', 'A3', 'H1', 'K3', 'S3', 'U3', 'F10'),
('RULE000190', 'A3', 'H2', 'K1', 'S1', 'U1', 'F3'),
('RULE000191', 'A3', 'H2', 'K1', 'S1', 'U2', 'F5'),
('RULE000192', 'A3', 'H2', 'K1', 'S1', 'U3', 'F5'),
('RULE000193', 'A3', 'H2', 'K1', 'S2', 'U1', 'F4'),
('RULE000194', 'A3', 'H2', 'K1', 'S2', 'U2', 'F6'),
('RULE000195', 'A3', 'H2', 'K1', 'S2', 'U3', 'F7'),
('RULE000196', 'A3', 'H2', 'K1', 'S3', 'U1', 'F8'),
('RULE000197', 'A3', 'H2', 'K1', 'S3', 'U2', 'F9'),
('RULE000198', 'A3', 'H2', 'K1', 'S3', 'U3', 'F10'),
('RULE000199', 'A3', 'H2', 'K2', 'S1', 'U1', 'F7'),
('RULE000200', 'A3', 'H2', 'K2', 'S1', 'U2', 'F8'),
('RULE000201', 'A3', 'H2', 'K2', 'S1', 'U3', 'F9'),
('RULE000202', 'A3', 'H2', 'K2', 'S2', 'U1', 'F8'),
('RULE000203', 'A3', 'H2', 'K2', 'S2', 'U2', 'F9'),
('RULE000204', 'A3', 'H2', 'K2', 'S2', 'U3', 'F10'),
('RULE000205', 'A3', 'H2', 'K2', 'S3', 'U1', 'F7'),
('RULE000206', 'A3', 'H2', 'K2', 'S3', 'U2', 'F8'),
('RULE000207', 'A3', 'H2', 'K2', 'S3', 'U3', 'F9'),
('RULE000208', 'A3', 'H2', 'K3', 'S1', 'U1', 'F5'),
('RULE000209', 'A3', 'H2', 'K3', 'S1', 'U2', 'F5'),
('RULE000210', 'A3', 'H2', 'K3', 'S1', 'U3', 'F6'),
('RULE000211', 'A3', 'H2', 'K3', 'S2', 'U1', 'F7'),
('RULE000212', 'A3', 'H2', 'K3', 'S2', 'U2', 'F8'),
('RULE000213', 'A3', 'H2', 'K3', 'S2', 'U3', 'F9'),
('RULE000214', 'A3', 'H2', 'K3', 'S3', 'U1', 'F7'),
('RULE000215', 'A3', 'H2', 'K3', 'S3', 'U2', 'F8'),
('RULE000216', 'A3', 'H2', 'K3', 'S3', 'U3', 'F9'),
('RULE000217', 'A3', 'H3', 'K1', 'S1', 'U1', 'F4'),
('RULE000218', 'A3', 'H3', 'K1', 'S1', 'U2', 'F5'),
('RULE000219', 'A3', 'H3', 'K1', 'S1', 'U3', 'F6'),
('RULE000220', 'A3', 'H3', 'K1', 'S2', 'U1', 'F7'),
('RULE000221', 'A3', 'H3', 'K1', 'S2', 'U2', 'F8'),
('RULE000222', 'A3', 'H3', 'K1', 'S2', 'U3', 'F9'),
('RULE000223', 'A3', 'H3', 'K1', 'S3', 'U1', 'F7'),
('RULE000224', 'A3', 'H3', 'K1', 'S3', 'U2', 'F8'),
('RULE000225', 'A3', 'H3', 'K1', 'S3', 'U3', 'F9'),
('RULE000226', 'A3', 'H3', 'K2', 'S1', 'U1', 'F1'),
('RULE000227', 'A3', 'H3', 'K2', 'S1', 'U2', 'F2'),
('RULE000228', 'A3', 'H3', 'K2', 'S1', 'U3', 'F4'),
('RULE000229', 'A3', 'H3', 'K2', 'S2', 'U1', 'F5'),
('RULE000230', 'A3', 'H3', 'K2', 'S2', 'U2', 'F6'),
('RULE000231', 'A3', 'H3', 'K2', 'S2', 'U3', 'F7'),
('RULE000232', 'A3', 'H3', 'K2', 'S3', 'U1', 'F6'),
('RULE000233', 'A3', 'H3', 'K2', 'S3', 'U2', 'F7'),
('RULE000234', 'A3', 'H3', 'K2', 'S3', 'U3', 'F7'),
('RULE000235', 'A3', 'H3', 'K3', 'S1', 'U1', 'F2'),
('RULE000236', 'A3', 'H3', 'K3', 'S1', 'U2', 'F3'),
('RULE000237', 'A3', 'H3', 'K3', 'S1', 'U3', 'F5'),
('RULE000238', 'A3', 'H3', 'K3', 'S2', 'U1', 'F7'),
('RULE000239', 'A3', 'H3', 'K3', 'S2', 'U2', 'F8'),
('RULE000240', 'A3', 'H3', 'K3', 'S2', 'U3', 'F9'),
('RULE000241', 'A3', 'H3', 'K3', 'S3', 'U1', 'F7'),
('RULE000242', 'A3', 'H3', 'K3', 'S3', 'U2', 'F8'),
('RULE000243', 'A3', 'H3', 'K3', 'S3', 'U3', 'F9');

-- --------------------------------------------------------

--
-- Struktur dari tabel `submenu`
--

CREATE TABLE IF NOT EXISTS `submenu` (
`id_submenu` int(11) NOT NULL,
  `id_mainmenu` int(11) NOT NULL,
  `nama_submenu` varchar(50) NOT NULL,
  `link` varchar(50) NOT NULL,
  `aktif` enum('y','t') NOT NULL,
  `icon` varchar(30) NOT NULL,
  `level` int(11) NOT NULL
) ENGINE=InnoDB  DEFAULT CHARSET=latin1 AUTO_INCREMENT=112 ;

--
-- Dumping data untuk tabel `submenu`
--

INSERT INTO `submenu` (`id_submenu`, `id_mainmenu`, `nama_submenu`, `link`, `aktif`, `icon`, `level`) VALUES
(98, 48, 'Main Menu', 'mainmenu', 'y', 'hi hi-qrcode', 1),
(99, 48, 'Sub Menu', 'submenu', 'y', 'fa fa-bar-chart-o', 1),
(109, 26, 'rules', 'rules', 'y', '', 0),
(110, 26, 'DATA PENGUJIAN BETON', 'datapengujianbeton', 'y', '', 0),
(111, 26, 'Fungsi Keanggotaan', 'fungsi_keanggotaan', 'y', '', 0);

--
-- Indexes for dumped tables
--

--
-- Indexes for table `app_users`
--
ALTER TABLE `app_users`
 ADD PRIMARY KEY (`id_users`);

--
-- Indexes for table `data_testing`
--
ALTER TABLE `data_testing`
 ADD PRIMARY KEY (`id_testing`);

--
-- Indexes for table `data_training`
--
ALTER TABLE `data_training`
 ADD PRIMARY KEY (`id_training`);

--
-- Indexes for table `data_uji_beton`
--
ALTER TABLE `data_uji_beton`
 ADD PRIMARY KEY (`kode_uji`);

--
-- Indexes for table `fk_training`
--
ALTER TABLE `fk_training`
 ADD PRIMARY KEY (`kode_fk_training`);

--
-- Indexes for table `fungsi_keanggotaan`
--
ALTER TABLE `fungsi_keanggotaan`
 ADD PRIMARY KEY (`kode`);

--
-- Indexes for table `mainmenu`
--
ALTER TABLE `mainmenu`
 ADD PRIMARY KEY (`id_mainmenu`);

--
-- Indexes for table `rules`
--
ALTER TABLE `rules`
 ADD PRIMARY KEY (`RulesID`);

--
-- Indexes for table `submenu`
--
ALTER TABLE `submenu`
 ADD PRIMARY KEY (`id_submenu`);

--
-- AUTO_INCREMENT for dumped tables
--

--
-- AUTO_INCREMENT for table `app_users`
--
ALTER TABLE `app_users`
MODIFY `id_users` int(11) NOT NULL AUTO_INCREMENT COMMENT 'PK, id user',AUTO_INCREMENT=2;
--
-- AUTO_INCREMENT for table `mainmenu`
--
ALTER TABLE `mainmenu`
MODIFY `id_mainmenu` int(11) NOT NULL AUTO_INCREMENT,AUTO_INCREMENT=60;
--
-- AUTO_INCREMENT for table `submenu`
--
ALTER TABLE `submenu`
MODIFY `id_submenu` int(11) NOT NULL AUTO_INCREMENT,AUTO_INCREMENT=112;
/*!40101 SET CHARACTER_SET_CLIENT=@OLD_CHARACTER_SET_CLIENT */;
/*!40101 SET CHARACTER_SET_RESULTS=@OLD_CHARACTER_SET_RESULTS */;
/*!40101 SET COLLATION_CONNECTION=@OLD_COLLATION_CONNECTION */;
